"NAME","PLAYLIST URL","","NAME","","SORT","mapped?","location","","","","","","","","","","","","","","","",""
"<a href=""","https://open.spotify.com/playlist/2iig1p0w46f3lKUim5aCQP?si=66fd113e9d2749a3",""">","Afrobeat, Chill","</a>","b","y","","","","","","","","","","","","","","","","",""
"<a href=""","https://open.spotify.com/playlist/7xeFi53HwuE8pNlftbK2lL?si=a55c58f9b21a4d95",""">","Afrobeat, Groovers","</a>","b","y","","","","","","","","","","","","","","","","",""
"<a href=""","https://open.spotify.com/playlist/52WUzKdwm9kgIYtJq3Pxfi?si=98fff88b28cd43ac",""">","Afrobeat, Heavy","</a>","b","y","","","","","","","","","","","","","","","","",""
"<a href=""","https://open.spotify.com/playlist/4tNlGIW4EsLe0CwP5LWx6c?si=d2736c32084f4f0f",""">","Alex Kasau Katombi","</a>","b","y","","","","","","","","","","","","","","","","",""
"<a href=""","https://open.spotify.com/playlist/4NL0LAlmsbr2W70g27Cycn?si=b62eb9a9c2bc4b5c",""">","Amapiano","</a>","b","y","","","","","","","","","","","","","","","","",""
"<a href=""","https://open.spotify.com/playlist/1pYn1uvmbNPPiarE2mT8SP?si=303519181e7b4dc4",""">","Amapiano, Gospel","</a>","b","y","","","","","","","","","","","","","","","","",""
"<a href=""","https://open.spotify.com/playlist/2HnPeP0Nfk6YpTBmxrS9U6?si=2c76f444d3344ac9",""">","Amapiano, Private School","</a>","b","y","","","","","","","","","","","","","","","","",""
"<a href=""","https://open.spotify.com/playlist/0FQ3q1kXYX1hfN7N5n7yT6?si=d2c2b40a7b8c439f",""">","Amapiano, Starter Pack","</a>","b","y","","","","","","","","","","","","","","","","",""
"<a href=""","https://open.spotify.com/playlist/2lni3fakT2CCFulvIWcOFt?si=032adb8f61f14757",""">","Asakaa","</a>","b","y","","","","","","","","","","","","","","","","",""
"<a href=""","https://open.spotify.com/playlist/13IKYLFu60AscHVUcWwuv0?si=72c4c4d07a0e40a2",""">","Asakaa, Starter Pack","</a>","b","y","","","","","","","","","","","","","","","","",""
"<a href=""","https://open.spotify.com/playlist/1JSCxZphCXqWqfq5pYrub9?si=28d246e1c06d45f4",""">","Benga & Kamba Pop, Modern","</a>","b","y","","","","","","","","","","","","","","","","",""
"<a href=""","https://open.spotify.com/playlist/0t6jRcP3uo3BSEEFvUsrxe?si=9f8fbba931094178",""">","Benga & Kamba Pop, Vintage","</a>","b","y","","","","","","","","","","","","","","","","",""
"<a href=""","https://open.spotify.com/playlist/3Q6gJfudcpuoV1rVScaD4x?si=fd44437a1028418a",""">","Biama","</a>","b","y","","","","","","","","","","","","","","","","",""
"<a href=""","https://open.spotify.com/playlist/1WS40Xzfsrg37iKOXudtOk?si=f5d8f908abaa446d",""">","Bikutsi","</a>","b","y","","","","","","","","","","","","","","","","",""
"<a href=""","https://open.spotify.com/playlist/0a8H55Hlj8sAUGkJs7tdnY?si=2d527d04bf134a62",""">","Bikutsi, Contemporary","</a>","b","y","","","","","","","","","","","","","","","","",""
"<a href=""","https://open.spotify.com/playlist/1rbReWa0ajvTwJQJFiZYoH?si=a65027ce5f744332",""">","Cabo Verde, Vintage R&B","</a>","b","Y","","","","","","","","","","","","","","","","",""
"<a href=""","https://open.spotify.com/playlist/6K9t5Ja3meB06K8Ffi691b?si=3a403ef1a5324d1c",""">","Cabo Verde, Vintage Rock And Funk","</a>","b","Y","","","","","","","","","","","","","","","","",""
"<a href=""","https://open.spotify.com/playlist/7xwKgLkCIFBhqXGeNEmTWz?si=64aa6e72e97a4710",""">","Chimurenga","</a>","b","y","","","","","","","","","","","","","","","","",""
"<a href=""","https://open.spotify.com/playlist/0kOQEBaYZ3iy4vvwAQQJ4X?si=0edc63c46aca4afe",""">","Coupé-décalé","</a>","b","y","","","","","","","","","","","","","","","","",""
"<a href=""","https://open.spotify.com/playlist/0vRmvfpw1bsPd4emjHOs9y?si=8631e92ae793413d",""">","Ethiopia, Blues","</a>","b","y","","","","","","","","","","","","","","","","",""
"<a href=""","https://open.spotify.com/playlist/09t24TcQoM3mYuB3WT5eu7?si=e8d0f2dccd694ad4",""">","Ethiopia, Funk & Soul","</a>","b","y","","","","","","","","","","","","","","","","",""
"<a href=""","https://open.spotify.com/playlist/4cJjQzwIDDCvLyn9B93XOd?si=d571d83eb19147f4",""">","Ethiopia, Jazz","</a>","b","y","","","","","","","","","","","","","","","","",""
"<a href=""","https://open.spotify.com/playlist/4odZ0OheBc97joZ9YiWYfZ?si=199efcae5fc54ba5",""">","Ethiopia, Jazz Vocal","</a>","b","y","","","","","","","","","","","","","","","","",""
"<a href=""","https://open.spotify.com/playlist/038RxzglexdTMi2RV8NIGf?si=09d68cf7fbe34f16",""">","Funaná","</a>","b","Y","","","","","","","","","","","","","","","","",""
"<a href=""","https://open.spotify.com/playlist/5GbQEsE7cPTpxSXF2vRag7?si=840e0c35687e4fd9",""">","Gqom, Club","</a>","b","y","","","","","","","","","","","","","","","","",""
"<a href=""","https://open.spotify.com/playlist/13FHf7pS4BFYgpSMO5cQ5t?si=b6a32fce6961414d",""">","Gqom, Pop","</a>","b","y","","","","","","","","","","","","","","","","",""
"<a href=""","https://open.spotify.com/playlist/49kbHTAr0darDpdHdHdOFk?si=940b984f66d6416d",""">","Gqom, Sghubu","</a>","b","y","","","","","","","","","","","","","","","","",""
"<a href=""","https://open.spotify.com/playlist/74uUwxODQwRR6b5Sn6cgze?si=e58810f70e824465",""">","Gqom, Sghubu Pop","</a>","b","y","","","","","","","","","","","","","","","","",""
"<a href=""","https://open.spotify.com/playlist/5xg8l4oRQTliZHWUMmbpog?si=b0643474c3554416&pt=f1f61f3826b4720572f239f339a5fc53",""">","Gqom, Starter Pack","</a>","b","y","","","","","","","","","","","","","","","","",""
"<a href=""","https://open.spotify.com/playlist/15XPRBJfwILv97ucd5DrHh?si=5870127640bd4d74",""">","Hees Macaan","</a>","b","y","","","","","","","","","","","","","","","","",""
"<a href=""","https://open.spotify.com/playlist/4ZplzNGXYhoJzZ3qic1YH1?si=418e1064b3b54622",""">","Hees Macaan, Starter Pack","</a>","b","y","","","","","","","","","","","","","","","","",""
"<a href=""","https://open.spotify.com/playlist/79sfOC33ieQMvylMkvYLnK?si=bc60c05ca0f74a1b",""">","Highlife, Vintage Jazzy","</a>","b","y","","","","","","","","","","","","","","","","",""
"<a href=""","https://open.spotify.com/playlist/79M99hodUmv6FLQMVZ97lr?si=84fb3a59dccc4d42",""">","Kizomba","</a>","b","y","","","","","","","","","","","","","","","","",""
"<a href=""","https://open.spotify.com/playlist/0zMqwNg0GC4Pg1YQn0R69k?si=9cb1f958b90b42f3",""">","Kora","</a>","b","","","","","","","","","","","","","","","","","",""
"<a href=""","https://open.spotify.com/playlist/7AWO9lCenDDqGEMc5VwZzz?si=d3052d610c25460e",""">","Kuduro, Contemporary","</a>","b","y","","","","","","","","","","","","","","","","",""
"<a href=""","https://open.spotify.com/playlist/3h6tiKA7760RuHroRq4VUV?si=333c18b3bcb74f63",""">","Kuduro, Contemporary Riddims","</a>","b","y","","","","","","","","","","","","","","","","",""
"<a href=""","https://open.spotify.com/playlist/2prFQwqRESbg7m2yLW8TIA?si=7cbf21203d1b4f02",""">","Kuduro, Vintage","</a>","b","y","","","","","","","","","","","","","","","","",""
"<a href=""","https://open.spotify.com/playlist/63tLUvVN2cyufFq9VBNB73?si=289a23473e854ed4",""">","Kuduro, Vintage Riddims","</a>","b","y","","","","","","","","","","","","","","","","",""
"<a href=""","https://open.spotify.com/playlist/4WIR9yiqhfdvTHRhqGGqON?si=b4b34ba8a5644a84",""">","Kwaito, Old School MCs","</a>","b","y","","","","","","","","","","","","","","","","",""
"<a href=""","https://open.spotify.com/playlist/49zrvR1Mph2kjThFHrhXhw?si=f14803d188664f2d",""">","Kwaito, Swinging Beats","</a>","b","y","","","","","","","","","","","","","","","","",""
"<a href=""","https://open.spotify.com/playlist/0czY51CRWCFNciREa0KMWS?si=18ada138590741a7",""">","Kwaito, Vintage Classic","</a>","b","y","","","","","","","","","","","","","","","","",""
"<a href=""","https://open.spotify.com/playlist/2I3Y551Qnz3JHrsasUPJt9?si=92582eae6b5e403f",""">","Kwaku DMC","</a>","b","y","","","","","","","","","","","","","","","","",""
"<a href=""","https://open.spotify.com/playlist/27gc1VLVQ0E6d7ZHUyfgLf?si=1de8c95bed7f4bed&pt=5beb748b865ce2e27adcefeaacd915f5",""">","Mahraganat","</a>","b","y","","","","","","","","","","","","","","","","",""
"<a href=""","https://open.spotify.com/playlist/0Og9nutJw2eAP8seV8U6NY?si=539797160e254d3b&pt=3316d87fd783b6ae05ec1fbae1fa35e6",""">","Mahraganat, Starter Pack","</a>","b","y","","","","","","","","","","","","","","","","",""
"<a href=""","https://open.spotify.com/playlist/7N3tj9ECjNH9nWpTFBcMrh?si=412f8c5158de4647",""">","Makossa","</a>","b","y","","","","","","","","","","","","","","","","",""
"<a href=""","https://open.spotify.com/playlist/2vDJPSyPsaVluvBe7fueHd?si=0bfa6dc1fb114139",""">","Mbalax","</a>","b","y","","","","","","","","","","","","","","","","",""
"<a href=""","https://open.spotify.com/playlist/3N2lrPIai04h83Odpkf19j?si=ef3c6d03c8fd4825",""">","Mbalax, Contemporary Pop","</a>","b","y","","","","","","","","","","","","","","","","",""
"<a href=""","https://open.spotify.com/playlist/0RsOLoaHWxPBYR5b6cfYPZ?si=bafaf6a9484c4222",""">","Mbalax, Contemporary Rap","</a>","b","y","","","","","","","","","","","","","","","","",""
"<a href=""","https://open.spotify.com/playlist/04qAy2I5Ojwp0hatwcTUQf?si=aa6391451a374513",""">","Mbaqanga","</a>","b","y","","","","","","","","","","","","","","","","",""
"<a href=""","https://open.spotify.com/playlist/1rYjf7xUGiYES9rQFoWJhX?si=352335ec148642c1",""">","Mbira","</a>","b","y","","","","","","","","","","","","","","","","",""
"<a href=""","https://open.spotify.com/playlist/4N8p7ElBD9ul8Vt01hZhoi?si=e7981e09a1244c87",""">","Salegy & Kawitry","</a>","b","y","","","","","","","","","","","","","","","","",""
"<a href=""","https://open.spotify.com/playlist/3cc2SwSPDVRheVL2ongzRb?si=43b7cc2da5634d08",""">","Salegy & Kawitry, Starter Pack","</a>","b","y","","","","","","","","","","","","","","","","",""
"<a href=""","https://open.spotify.com/playlist/5yMc5m6k38mikLv55hYZrp?si=62a943a078934b93",""">","Singeli","</a>","b","y","","","","","","","","","","","","","","","","",""
"<a href=""","https://open.spotify.com/playlist/0IvCfBCJhAwRBapKm9eXsp?si=4e78fdfa500b47e6",""">","South Africa, 80s Electronic","</a>","b","y","","","","","","","","","","","","","","","","",""
"<a href=""","https://open.spotify.com/playlist/2Zmb0eCGh5JpOd8QaUZffF?si=fa6a29c1e13c40bf",""">","Tsapiky","</a>","b","y","","","","","","","","","","","","","","","","",""
"<a href=""","https://open.spotify.com/playlist/2dIeZLRgv0xi7GBxOM92lf?si=6011969a73984920",""">","Wawa Salegy","</a>","b","y","","","","","","","","","","","","","","","","",""
"<a href=""","https://open.spotify.com/playlist/5fs3FTwvwtq8YVSOmc0qRt?si=53ebdf0cbb5c4a40",""">","Xitsonga / Shangaan Electro / Tsonga ","</a>","b","y","","","","","","","","","","","","","","","","",""
"<a href=""","https://open.spotify.com/playlist/0l4dVLG5CXpkkTFWRTbIfP?si=2b249fa0fdba4ae7",""">","Xitsonga / Shangaan Electro / Tsonga  Starter Pack","</a>","b","y","","","","","","","","","","","","","","","","",""
"<a href=""","https://open.spotify.com/playlist/5OuAAwRsFfsppPMBZXGQPT?si=9f163c3f9b2a4ab0",""">","Zouglou","</a>","b","y","","","","","","","","","","","","","","","","",""
"<a href=""","https://open.spotify.com/playlist/35ePSEtczTznJJQhGNkoHi?si=54301c3505904636",""">","Zouglou, Rapide","</a>","b","y","","","","","","","","","","","","","","","","",""
"<a href=""","https://open.spotify.com/playlist/7r9P1JViiAMM5H9n2Qjb7b?si=033a51cd9f254d76",""">","Tuareg","</a>","bc","y","","","","","","","","","","","","","","","","",""
"<a href=""","https://open.spotify.com/playlist/2TD8uJo3YaK7ayv4XWJXul?si=d7f9aa0839fd4818",""">","Zouk, Fast","</a>","c","n/a","","","","","","","","","","","","","","","","",""
"<a href=""","https://open.spotify.com/playlist/05lqPGIja6yCRdkAeg0rR5?si=1ca70e5fa9c64b80",""">","Zouk, Slow","</a>","c","n/a","","","","","","","","","","","","","","","","",""
"<a href=""","https://open.spotify.com/playlist/2GTdCjTWSe4aLFjexf6xas?si=277959f17c3b4746",""">","Zouk, Smooth","</a>","c","n/a","","","","","","","","","","","","","","","","",""
"<a href=""","https://open.spotify.com/playlist/66FMyWSL4ai8HLFFEx8qeC?si=7269f471b5bb44ce",""">","Zouk, Starter Pack","</a>","c","n/a","","","","","","","","","","","","","","","","",""
"<a href=""","https://open.spotify.com/playlist/3YTUUD1qFCJdi6tA2CPJ2m?si=5f0d4faf66de48f6",""">","Acetone","</a>","","","","","","","","","","","","","","","","","","",""
"<a href=""","https://open.spotify.com/playlist/31fRkBUVMyAiEIextWgg1S?si=caec9df3a8834cd1",""">","Aleksi Perälä, Ambient","</a>","","","","","","","","","","","","","","","","","","",""
"<a href=""","https://open.spotify.com/playlist/4rPufV1Gi5hU04fma7ePV9?si=afc1e6b778224d54",""">","Aleksi Perälä, Ambient Beats","</a>","","","","","","","","","","","","","","","","","","",""
"<a href=""","https://open.spotify.com/playlist/41LddJ20d8OEEn0JS4dPG5?si=3ef871b1c11f41d8",""">","Aleksi Perälä, Beats","</a>","","","","","","","","","","","","","","","","","","",""
"<a href=""","https://open.spotify.com/playlist/0xqNI7zlmk1WxI9BjC5dZ8?si=66478cb5393c4aaf",""">","Alessandro Cortini","</a>","","","","","","","","","","","","","","","","","","",""
"<a href=""","https://open.spotify.com/playlist/6Bf98QeikFhEmx4I9eaFA1?si=2aa212a3f78a42bc",""">","Ambient, Ancient","</a>","","","","","","","","","","","","","","","","","","",""
"<a href=""","https://open.spotify.com/playlist/1gfY14XzLgklsd7hbhD9gs?si=ad3bce4982ea4f1d",""">","Ambient, Balearic","</a>","","","","","","","","","","","","","","","","","","",""
"<a href=""","https://open.spotify.com/playlist/0fhOmjyRTApzRhqy4oulzf?si=557b143f600a46c1",""">","Ambient, Classical Swells","</a>","","","","","","","","","","","","","","","","","","",""
"<a href=""","https://open.spotify.com/playlist/0ektreZOberCoGpFwDYyUy?si=18496fcc01f54d06",""">","Ambient, Country","</a>","","","","","","","","","","","","","","","","","","",""
"<a href=""","https://open.spotify.com/playlist/21LF9zp0vqyJxdQP0ioIHj?si=aa665be94b564cfd",""">","Ambient, Faded","</a>","","","","","","","","","","","","","","","","","","",""
"<a href=""","https://open.spotify.com/playlist/38ml82ODH5HumdFzumWkY0?si=7fa124ceb8884176",""">","Ambient, Floating","</a>","","","","","","","","","","","","","","","","","","",""
"<a href=""","https://open.spotify.com/playlist/7CqvI7yWjT7Vz4SV201NcV?si=ff075f6163e44b0b",""">","Ambient, Heartstrings","</a>","","","","","","","","","","","","","","","","","","",""
"<a href=""","https://open.spotify.com/playlist/79MA3K9hkgNXw2WzI0qZT9?si=6eb2cac832b34978",""">","Ambient, Japan","</a>","","","","","","","","","","","","","","","","","","",""
"<a href=""","https://open.spotify.com/playlist/7oVg1AjG18TjKEMwzTwKXV?si=46858a3a4d804e74",""">","Ambient, Kompakt Queasy","</a>","","","","","","","","","","","","","","","","","","",""
"<a href=""","https://open.spotify.com/playlist/1BqRxVba45sNlEd4Gr6HAp?si=fba5918a34ee477f",""">","Ambient, Outer Space","</a>","","","","","","","","","","","","","","","","","","",""
"<a href=""","https://open.spotify.com/playlist/3ANbspvqDje5SguYqQpyow?si=b4d677d29d314697",""">","Ambient, Techno","</a>","","","","","","","","","","","","","","","","","","",""
"<a href=""","https://open.spotify.com/playlist/6wFf3Nk95ob2UiR2DwpvFJ?si=4247019d44ee4fd6",""">","Ambient, Water","</a>","","","","","","","","","","","","","","","","","","",""
"<a href=""","https://open.spotify.com/playlist/0j8vOIrlb5iKi2uIsmZqKD?si=bb6df971c8b542a5",""">","Arab Strap","</a>","","","","","","","","","","","","","","","","","","",""
"<a href=""","https://open.spotify.com/playlist/46Vag9YCi7SCH87AUL1iv0?si=c5b47ce83e114990",""">","Arthur Lyman, Chill","</a>","","","","","","","","","","","","","","","","","","",""
"<a href=""","https://open.spotify.com/playlist/6UhnY0JKXAIp7lpemR460r?si=bcf80d80dcfc4221",""">","ASC, Ambient","</a>","","","","","","","","","","","","","","","","","","",""
"<a href=""","https://open.spotify.com/playlist/5EEo9Cj8XRSKe7RjKN54Ty?si=9c4ee5214e9a4c81",""">","ASC, Drum & Bass Dark","</a>","","","","","","","","","","","","","","","","","","",""
"<a href=""","https://open.spotify.com/playlist/0uABCXhc1GhyZdAYbAlY9N?si=4a407056607847b7",""">","ASC, Drum & Bass Light","</a>","","","","","","","","","","","","","","","","","","",""
"<a href=""","https://open.spotify.com/playlist/2keOQdxWMpQvLqIwVyLmPS?si=12159305986b4ce5",""">","ASC, Electronica Dark","</a>","","","","","","","","","","","","","","","","","","",""
"<a href=""","https://open.spotify.com/playlist/36OdtkSojyq4dmnIWBn0Qc?si=b7adcafbd2334388",""">","ASC, Electronica Light","</a>","","","","","","","","","","","","","","","","","","",""
"<a href=""","https://open.spotify.com/playlist/3BtzIGpDtueO5elQrwl0wB?si=f712efd44244439b",""">","ASC, Starter Pack","</a>","","","","","","","","","","","","","","","","","","",""
"<a href=""","https://open.spotify.com/playlist/5GOZOzf5d4Dc8FDX9LV8Ze?si=5de33c3c8e2f460b",""">","ASC, Techno","</a>","","","","","","","","","","","","","","","","","","",""
"<a href=""","https://open.spotify.com/playlist/6d5BDrtmclL3mxD83zlzOS?si=c194ff1740bd40d9",""">","Atom TM","</a>","","","","","","","","","","","","","","","","","","",""
"<a href=""","https://open.spotify.com/playlist/35EY0l9jOjybuoWAvJqpP8?si=7cbee00fb6bd4b6c",""">","Atom TM, Ambient","</a>","","","","","","","","","","","","","","","","","","",""
"<a href=""","https://open.spotify.com/playlist/1LyJyYFq9U9FRxTMXKudv9?si=f3466a7fd95047e3",""">","Atom TM, Chill","</a>","","","","","","","","","","","","","","","","","","",""
"<a href=""","https://open.spotify.com/playlist/1UOkuNE1cc2sEFh03leunA?si=aa7de5e6df22424b",""">","Atom TM, Digital Hardcore","</a>","","","","","","","","","","","","","","","","","","",""
"<a href=""","https://open.spotify.com/playlist/5tz0aRB8kJMM15xMyufb3O?si=91f7714e213c4b91",""">","Atom TM, Electronic Experimental","</a>","","","","","","","","","","","","","","","","","","",""
"<a href=""","https://open.spotify.com/playlist/6WVROZezkHdnoUWeAjNT0k?si=ffdae67829b0468b",""">","Atom TM, Electronic Heavy","</a>","","","","","","","","","","","","","","","","","","",""
"<a href=""","https://open.spotify.com/playlist/4zSxhCWqVhwg4E06wOhIMX?si=2be296a9f6484c07",""">","Atom TM, Electronic Soft","</a>","","","","","","","","","","","","","","","","","","",""
"<a href=""","https://open.spotify.com/playlist/4UbuFLeWj0Kd7zzSZ0Y9QA?si=60dbfff333db4194",""">","Atom TM, Glitch","</a>","","","","","","","","","","","","","","","","","","",""
"<a href=""","https://open.spotify.com/playlist/0doEtzxM03IrKqkym3vxLx?si=db28bfebca0e417d",""">","Atom TM, Latin Experimental","</a>","","","","","","","","","","","","","","","","","","",""
"<a href=""","https://open.spotify.com/playlist/5QkFOYKOH5mGMhjcuER0gv?si=75698f0c87b94118",""">","Atom TM, Latin Pop","</a>","","","","","","","","","","","","","","","","","","",""
"<a href=""","https://open.spotify.com/playlist/4AG6XFDIQ1Fzlj3GpZnkxb?si=d8be2eea298844a4",""">","Atom TM, Pop Dark","</a>","","","","","","","","","","","","","","","","","","",""
"<a href=""","https://open.spotify.com/playlist/4O9w0ca5V7bdw8TiK9Qvkc?si=03bdd15180414436",""">","Atom TM, Pop Light","</a>","","","","","","","","","","","","","","","","","","",""
"<a href=""","https://open.spotify.com/playlist/1mdsTvjqzg9glSr7bWpgAR?si=551aecffc24b4a92",""">","Atom TM, Starter Pack","</a>","","","","","","","","","","","","","","","","","","",""
"<a href=""","https://open.spotify.com/playlist/6qbLpNK4g0JNqcp9ccw2IZ?si=cec5359e658742a8",""">","Autechre, Odds & Sods","</a>","","","","","","","","","","","","","","","","","","",""
"<a href=""","https://open.spotify.com/playlist/6qbLpNK4g0JNqcp9ccw2IZ?si=cec5359e658742a8",""">","Autechre, Post 2000","</a>","","","","","","","","","","","","","","","","","","",""
"<a href=""","https://open.spotify.com/playlist/3LrFR2CBxvGPB1k50HA3vD?si=5e038d698587415b",""">","Autechre, Pre 2000","</a>","","","","","","","","","","","","","","","","","","",""
"<a href=""","https://open.spotify.com/playlist/0Nk04NfUz4lGUTo1Fqdw8Y?si=a0797dc5cc7c4ca8",""">","Autumn","</a>","","","","","","","","","","","","","","","","","","",""
"<a href=""","https://open.spotify.com/playlist/5WlU5dajU5gbw67YomXXPy?si=204c623509fc40ad",""">","Balearic Music","</a>","","","","","","","","","","","","","","","","","","",""
"<a href=""","https://open.spotify.com/playlist/0Hz7pxGcFRvGYGoDwTAy1R?si=1e29e240c504442b",""">","Balearic, Pop","</a>","","","","","","","","","","","","","","","","","","",""
"<a href=""","https://open.spotify.com/playlist/3dMCpjhAA3OjJleYu4yZ8U?si=09247379de704c21",""">","Beach Boys, Experimental","</a>","","","","","","","","","","","","","","","","","","",""
"<a href=""","https://open.spotify.com/playlist/4vcecbl4VoDahMfo20uJCu?si=db8b68218a004492",""">","Blues, Chill","</a>","","","","","","","","","","","","","","","","","","",""
"<a href=""","https://open.spotify.com/playlist/4T1ZuyQ3LCPQ8MWRnqYYKq?si=53ed3de3dfe5432c",""">","Blues, Early","</a>","","","","","","","","","","","","","","","","","","",""
"<a href=""","https://open.spotify.com/playlist/0KTL1zPh9jlFb4IWw9n28p?si=1ab7dd181fc6416b",""">","Boogie","</a>","","","","","","","","","","","","","","","","","","",""
"<a href=""","https://open.spotify.com/playlist/2ppUaha7zYPbKfLx2FEF5E?si=d47f0a554d4d4f79",""">","Brazil, Bumping","</a>","","","","","","","","","","","","","","","","","","",""
"<a href=""","https://open.spotify.com/playlist/7rVhtH0nrGdRHCe8YPV8eg?si=d0dada8b45dc4bb0",""">","Brazil, Chill","</a>","","","","","","","","","","","","","","","","","","",""
"<a href=""","https://open.spotify.com/playlist/0SD6QYL3tq0WSSBv9do5Pt?si=c13cf13e75414bf3",""">","Brazil, Funk & Soul","</a>","","","","","","","","","","","","","","","","","","",""
"<a href=""","https://open.spotify.com/playlist/4l73MmRDRCpAXGtxXF4LP1?si=e1766c0518fe43ca",""">","Brazil, Psychedelic","</a>","","","","","","","","","","","","","","","","","","",""
"<a href=""","https://open.spotify.com/playlist/6UeEinPneyvyvyHcHgOyUU?si=4b3d942deacb4783",""">","Brazil, Vibes","</a>","","","","","","","","","","","","","","","","","","",""
"<a href=""","https://open.spotify.com/playlist/6RGN43GlQ54FPFuKBiZBaP?si=7f82e45557954c20",""">","Burnt Friedman","</a>","","","","","","","","","","","","","","","","","","",""
"<a href=""","https://open.spotify.com/playlist/1r047aOhZGll7o17tpDUWA?si=52f50d9b85454e67",""">","By The Way, Vol. 1","</a>","","","","","","","","","","","","","","","","","","",""
"<a href=""","https://open.spotify.com/playlist/21udxWtqkYOyGAjgq631tb?si=fc9273ec2ee1493a",""">","By The Way, Vol. 10","</a>","","","","","","","","","","","","","","","","","","",""
"<a href=""","https://open.spotify.com/playlist/3UDr6AU96BygUUtE3CYumt?si=da52a9c0dd994178",""">","By The Way, Vol. 2","</a>","","","","","","","","","","","","","","","","","","",""
"<a href=""","https://open.spotify.com/playlist/1qd8iDGjMQbXWZInlaUjV4?si=4ea35b936e484ec0",""">","By The Way, Vol. 3","</a>","","","","","","","","","","","","","","","","","","",""
"<a href=""","https://open.spotify.com/playlist/2bw2rkrgs27KsDN8V2Vdc2?si=2619782e937b4df7",""">","By The Way, Vol. 4","</a>","","","","","","","","","","","","","","","","","","",""
"<a href=""","https://open.spotify.com/playlist/7mnOW7OjzJ3VhwoOLfuOPf?si=712af44043de4720",""">","By The Way, Vol. 5","</a>","","","","","","","","","","","","","","","","","","",""
"<a href=""","https://open.spotify.com/playlist/5AoZhGIFYyhzfJcOV6hKO3?si=8363ed36e81b446f",""">","By The Way, Vol. 6","</a>","","","","","","","","","","","","","","","","","","",""
"<a href=""","https://open.spotify.com/playlist/14tVly3NHzR2xGsyAqnQD7?si=ae4c4f010bcc4b55",""">","By The Way, Vol. 7","</a>","","","","","","","","","","","","","","","","","","",""
"<a href=""","https://open.spotify.com/playlist/2kHGKcLMa08TuhKhYIOor4?si=0c5c0179466f4d1f",""">","By The Way, Vol. 8","</a>","","","","","","","","","","","","","","","","","","",""
"<a href=""","https://open.spotify.com/playlist/17MvGxEie2iID1JnlWaH19?si=376d5332c2e24326",""">","By The Way, Vol. 9","</a>","","","","","","","","","","","","","","","","","","",""
"<a href=""","https://open.spotify.com/playlist/7ofatheLbWhDDx1WQ0gM2E?si=50edb2f5617e4b2e",""">","Calypso, Classic","</a>","","","","","","","","","","","","","","","","","","",""
"<a href=""","https://open.spotify.com/playlist/3Emcn9mreARZ6PpXCNK8Gt?si=754cbc57297b4714",""">","Chamber Pop, 60s","</a>","","","","","","","","","","","","","","","","","","",""
"<a href=""","https://open.spotify.com/playlist/0ugIbsmXT7xQCF24WvqXTP?si=1a2ef04e55664e2a",""">","Chill Worldwide","</a>","","","","","","","","","","","","","","","","","","",""
"<a href=""","https://open.spotify.com/playlist/5c97WzcOSqn7YL746H58mF?si=86c3b975b92649c7",""">","City Pop, Funky","</a>","","","","","","","","","","","","","","","","","","",""
"<a href=""","https://open.spotify.com/playlist/190cu5KJIW9msJH4L28Om6?si=c481b84e70ad4d65",""">","City Pop, Smooth","</a>","","","","","","","","","","","","","","","","","","",""
"<a href=""","https://open.spotify.com/playlist/4PLGnyHkSj05PkvsxmcMvM?si=68dd2c68acd34046",""">","Conrad Schnitzler, Starter Pack","</a>","","","","","","","","","","","","","","","","","","",""
"<a href=""","https://open.spotify.com/playlist/2drGk1NoK2uliqh0j3KEIS?si=d000fd9938d54d45",""">","Country, Classic","</a>","","","","","","","","","","","","","","","","","","",""
"<a href=""","https://open.spotify.com/playlist/324FB8PjZlIPTo1iE3goGS?si=ea8fa07df7034739",""">","Country, Heartbreakers","</a>","","","","","","","","","","","","","","","","","","",""
"<a href=""","https://open.spotify.com/playlist/7lvkGgbhbzHwWuhP4eUkZd?si=a91392d1fea04e92",""">","Dancehall / Ragga, Classic","</a>","","","","","","","","","","","","","","","","","","",""
"<a href=""","https://open.spotify.com/playlist/2xdrmYvF619UlN3ycp3bNt?si=f58935d3658d4079",""">","Dinner Party Funk","</a>","","","","","","","","","","","","","","","","","","",""
"<a href=""","https://open.spotify.com/playlist/5UwJ6VzCES8mC1KtAWjwQA?si=c485f6de54f2483c",""">","Drum & Bass, Dark","</a>","","","","","","","","","","","","","","","","","","",""
"<a href=""","https://open.spotify.com/playlist/5ZnCWOyyceYfzFPTlQTtt5?si=3ae377d3ea3841b9",""">","Drum & Bass, Light","</a>","","","","","","","","","","","","","","","","","","",""
"<a href=""","https://open.spotify.com/playlist/3VvmF9WRJDFtSOswhMhd0u?si=6d69cfde50d24cfa",""">","Drum & Bass, Liquid","</a>","","","","","","","","","","","","","","","","","","",""
"<a href=""","https://open.spotify.com/playlist/5wlP2D6o6MtR3ym9wzBpvU?si=ca1f6c008f8442bd",""">","Dub","</a>","","","","","","","","","","","","","","","","","","",""
"<a href=""","https://open.spotify.com/playlist/5L1uBkB1Qun4adzwC3hyw0?si=bc78a7d371954f35",""">","Dub Techno For The Isolation Tank","</a>","","","","","","","","","","","","","","","","","","",""
"<a href=""","https://open.spotify.com/playlist/0mHgCb5Y5X2jj97bshAZ2O?si=8440b0edde8d4d33",""">","Durutti Column","</a>","","","","","","","","","","","","","","","","","","",""
"<a href=""","https://open.spotify.com/playlist/6SkxYE5NBMEXwEdRyF0u5F?si=b8d935425fa44b2f",""">","Dylan Henner","</a>","","","","","","","","","","","","","","","","","","",""
"<a href=""","https://open.spotify.com/playlist/6XMAIFQLPBMpycUI7urUrl?si=1dd0fc7284604289",""">","Easy Listening","</a>","","","","","","","","","","","","","","","","","","",""
"<a href=""","https://open.spotify.com/playlist/5J3Gkm8Z0MN0jGxlcrgdoq?si=83dad4b627424500",""">","Electronic, Abandoned Cities","</a>","","","","","","","","","","","","","","","","","","",""
"<a href=""","https://open.spotify.com/playlist/6v5qQ9Uk0meKPbgy08ZUSe?si=9e8b64a3a6f94f93",""">","Electronic, Downtempo","</a>","","","","","","","","","","","","","","","","","","",""
"<a href=""","https://open.spotify.com/playlist/3B5mUKzMnB6dmbjByHTevx?si=10d36d5c439745c0",""">","Electronic, Experimental Chill","</a>","","","","","","","","","","","","","","","","","","",""
"<a href=""","https://open.spotify.com/playlist/2KCZR6Lj2arKEtr0LtGC2v?si=80a8f5470dbd4900",""">","Electronic, Goth Experiments","</a>","","","","","","","","","","","","","","","","","","",""
"<a href=""","https://open.spotify.com/playlist/3p71pRZMixpIo4cOVAGWHg?si=be656a5be6604b68",""">","Electronic, Imaginary Jungles","</a>","","","","","","","","","","","","","","","","","","",""
"<a href=""","https://open.spotify.com/playlist/3ae9hVmttiHPHxXRjsJpXH?si=43dce71d88fa4fe2",""">","Electronic, Industrial Digital Noise Pop","</a>","","","","","","","","","","","","","","","","","","",""
"<a href=""","https://open.spotify.com/playlist/2yaViv3Jmrh40tOwc7DXQz?si=9e2d411856844318",""">","Electronic, Melancholic Breakbeats","</a>","","","","","","","","","","","","","","","","","","",""
"<a href=""","https://open.spotify.com/playlist/3CiekaZIGQmJyHus4bQ2ta?si=6f5f5442e5a44278",""">","Electronic, Skittering Beats And Moody Synths","</a>","","","","","","","","","","","","","","","","","","",""
"<a href=""","https://open.spotify.com/playlist/52lkyYKaYr641xjWZfVoEY?si=0ebd2927c66a4ed6",""">","Electronic, Unpredictable Rhythms","</a>","","","","","","","","","","","","","","","","","","",""
"<a href=""","https://open.spotify.com/playlist/61zeKfQ3ijwLglhbwrybEG?si=70cde3a15aaf42f8",""">","Electronic, Wonky House And Techno","</a>","","","","","","","","","","","","","","","","","","",""
"<a href=""","https://open.spotify.com/playlist/3xXvYq8t8kfcwEV8ktQMpS?si=0298c3f1666e44a8",""">","Electronica, Light","</a>","","","","","","","","","","","","","","","","","","",""
"<a href=""","https://open.spotify.com/playlist/3Wo4SCkRNL0gGfB8TXCIHN?si=4e61b4d41d9e4c54",""">","Elvis, Melancholy","</a>","","","","","","","","","","","","","","","","","","",""
"<a href=""","https://open.spotify.com/playlist/1UEPQwZNOQ9AGazYrG53vN?si=5b8c41d58f634e49",""">","Elvis, Rockin’","</a>","","","","","","","","","","","","","","","","","","",""
"<a href=""","https://open.spotify.com/playlist/4z13KHa9XXWtM7WvuowxmR?si=6a7781a535914ee4",""">","Ennio Morricone","</a>","","","","","","","","","","","","","","","","","","",""
"<a href=""","https://open.spotify.com/playlist/6bL8QQmsqpB9TER65zLiEv?si=1116b856c9804a65",""">","Envy","</a>","","","","","","","","","","","","","","","","","","",""
"<a href=""","https://open.spotify.com/playlist/4KBVVENkjPTtYAfGBuzYTA?si=2932e9bd4ea04b1f",""">","Enya","</a>","","","","","","","","","","","","","","","","","","",""
"<a href=""","https://open.spotify.com/playlist/2TJp9jSy5LgUCvsXVGp0Lf?si=4e1d426335ca486d",""">","Experimental, Ancient","</a>","","","","","","","","","","","","","","","","","","",""
"<a href=""","https://open.spotify.com/playlist/23xAyUghMaGL37g1cY6EcC?si=0dcbba8631ac4c0c",""">","Experimental, Celestial Digital Pop","</a>","","","","","","","","","","","","","","","","","","",""
"<a href=""","https://open.spotify.com/playlist/29KTqtOetJjYWtq9Sx43uN?si=32331066a63940e5",""">","Experimental, Durational Dissonance","</a>","","","","","","","","","","","","","","","","","","",""
"<a href=""","https://open.spotify.com/playlist/6hjHs1OP9N81cjBWaloK2U?si=0081e9db21e24a1a",""">","Experimental, Dying Cities","</a>","","","","","","","","","","","","","","","","","","",""
"<a href=""","https://open.spotify.com/playlist/3O4xMBJh0FzRB9VQzhlrHT?si=bee9506ff45e4410",""">","Experimental, Guitar Glitch Ambient","</a>","","","","","","","","","","","","","","","","","","",""
"<a href=""","https://open.spotify.com/playlist/2SHxGmuZ2HujiioJaD27FO?si=bd45c37ef4a340f4",""">","Experimental, Guitar Haze","</a>","","","","","","","","","","","","","","","","","","",""
"<a href=""","https://open.spotify.com/playlist/4qYg98RGnv7dgvPI1nUMS0?si=02e5c87d09f847f7",""">","Fennesz ","</a>","","","","","","","","","","","","","","","","","","",""
"<a href=""","https://open.spotify.com/playlist/4t40RSBwcNxMqJydp1uAey?si=3b73bddf45c74a7a",""">","Fennesz, Starter Pack","</a>","","","","","","","","","","","","","","","","","","",""
"<a href=""","https://open.spotify.com/playlist/45ef5ZFbUS1A9xbdN1z0UI?si=226a2e30f5814e86",""">","Flamenco","</a>","","","","","","","","","","","","","","","","","","",""
"<a href=""","https://open.spotify.com/playlist/6GEueaSM77AsYCxWyzwPMu?si=9d4e3dd0b8ae4c58",""">","Flamenco, Bulerías","</a>","","","","","","","","","","","","","","","","","","",""
"<a href=""","https://open.spotify.com/playlist/2ogFcAiym0RFZcCBeZjt15?si=dd99401da9b64200",""">","Flamenco, Guitar","</a>","","","","","","","","","","","","","","","","","","",""
"<a href=""","https://open.spotify.com/playlist/7o2cxVKUaI9AZGWZRkL9tU?si=fa7de1f078d04c82",""">","Flanger","</a>","","","","","","","","","","","","","","","","","","",""
"<a href=""","https://open.spotify.com/playlist/0ncTGb5nYCSgaOUkd1x712?si=2f45cdc4c1674570",""">","France, Vintage Mellow","</a>","","","","","","","","","","","","","","","","","","",""
"<a href=""","https://open.spotify.com/playlist/4t1W7mhETrnjU2Pf80xwrw?si=fc7832e4f9ea4656",""">","France, Vintage Pop","</a>","","","","","","","","","","","","","","","","","","",""
"<a href=""","https://open.spotify.com/playlist/6ytlQprNhQfq9ffoRfRQd8?si=17416062997a49f0",""">","Frank Zappa, Chill","</a>","","","","","","","","","","","","","","","","","","",""
"<a href=""","https://open.spotify.com/playlist/6mgF0aptvQFOXqzhQUd5as?si=c43c0824e1c84100",""">","Frank Zappa, Doo Wop","</a>","","","","","","","","","","","","","","","","","","",""
"<a href=""","https://open.spotify.com/playlist/4ajFPfYGS3qWNBqayn657a?si=66afa9838945443a",""">","Frank Zappa, Guitar","</a>","","","","","","","","","","","","","","","","","","",""
"<a href=""","https://open.spotify.com/playlist/29wlJpS2YVtkhrfZhVJnS6?si=74dda147b58d42aa",""">","Frank Zappa, Psychedelic Pop","</a>","","","","","","","","","","","","","","","","","","",""
"<a href=""","https://open.spotify.com/playlist/6TlFQBfaT09Wn2KQJwLS8Y?si=d2ecb489da7b436a",""">","Fumio Miyashita","</a>","","","","","","","","","","","","","","","","","","",""
"<a href=""","https://open.spotify.com/playlist/4mvVlZQtTUyjZrp861cA5E?si=d3342b3245d5499a",""">","Fumio Miyashita, Ambient","</a>","","","","","","","","","","","","","","","","","","",""
"<a href=""","https://open.spotify.com/playlist/6NxExdlX7s1guOiOV113vS?si=23af176cf16f40d2",""">","Fumio Miyashita, Oddballs","</a>","","","","","","","","","","","","","","","","","","",""
"<a href=""","https://open.spotify.com/playlist/2xFyXwFri0tdL8nxpgOC9q?si=adacafd949d44952",""">","Funk, Worldwide","</a>","","","","","","","","","","","","","","","","","","",""
"<a href=""","https://open.spotify.com/playlist/5glbvGn5xSIdz9YrJOGsB8?si=e299444d7a404cc8",""">","Grouper","</a>","","","","","","","","","","","","","","","","","","",""
"<a href=""","https://open.spotify.com/playlist/0xZOcwDqdlXIlPMJ9s1Hpn?si=6f88bc54321249f0",""">","Haunted Ballroom, Happy","</a>","","","","","","","","","","","","","","","","","","",""
"<a href=""","https://open.spotify.com/playlist/2FpnkcZ4t7bk2U2ZOwBFo1?si=98c79bd8a95a4e13",""">","Haunted Ballroom, Sad","</a>","","","","","","","","","","","","","","","","","","",""
"<a href=""","https://open.spotify.com/playlist/6qvYFMl5Oi20xDwp3NI2m1?si=fccc8cb66f374b01",""">","Hip-Hop, 1985-1992","</a>","","","","","","","","","","","","","","","","","","",""
"<a href=""","https://open.spotify.com/playlist/6JamVsgQovLlEJpeRSZNm0?si=f500bf8aceed4645",""">","Hip-Hop, 90s / 00s Lyricists","</a>","","","","","","","","","","","","","","","","","","",""
"<a href=""","https://open.spotify.com/playlist/0HxkDTZ7Rn6MPc1cxW5Ebo?si=6835b898a60a4d30",""">","Hip-Hop, Dusty","</a>","","","","","","","","","","","","","","","","","","",""
"<a href=""","https://open.spotify.com/playlist/1BMah5LPTWE3neS65MAPuw?si=4a28538a2fb44446",""">","Hip-Hop, Hard Beats","</a>","","","","","","","","","","","","","","","","","","",""
"<a href=""","https://open.spotify.com/playlist/7Ga6hmUrgNYSTjv9QB0AkN?si=8da0ed5b5d4740cd",""">","Hip-Hop, Instrumentals","</a>","","","","","","","","","","","","","","","","","","",""
"<a href=""","https://open.spotify.com/playlist/0KgOIkKdusJaNacdLIiTLq?si=9369ea0ef5ee4995",""">","Hip-Hop, Melancholy","</a>","","","","","","","","","","","","","","","","","","",""
"<a href=""","https://open.spotify.com/playlist/4GaYoCJDi3Qhe98OpfbjSB?si=a347bfaa28c2426d",""">","Hip-Hop, Neo-Soul","</a>","","","","","","","","","","","","","","","","","","",""
"<a href=""","https://open.spotify.com/playlist/29JLxwF7qgz9U728ItoXDq?si=011e0ddb91614f49",""">","House, Ambient","</a>","","","","","","","","","","","","","","","","","","",""
"<a href=""","https://open.spotify.com/playlist/5N38RVZ9Gb5QGBitpKkQFo?si=f68606c8f36342a8",""">","House, Classic","</a>","","","","","","","","","","","","","","","","","","",""
"<a href=""","https://open.spotify.com/playlist/5t5TERlOsq8FCNCmTWruAd?si=1569fab8f61e40d6",""">","House, Deep","</a>","","","","","","","","","","","","","","","","","","",""
"<a href=""","https://open.spotify.com/playlist/6dIDWTQUSAhtXRI5yaQDIk?si=ef41d61e9f264461",""">","House, Dusty","</a>","","","","","","","","","","","","","","","","","","",""
"<a href=""","https://open.spotify.com/playlist/1JzVHpTufezNSitui6Ffy9?si=7474e778db50454c",""">","House, Melodic","</a>","","","","","","","","","","","","","","","","","","",""
"<a href=""","https://open.spotify.com/playlist/2p1KJJdxxHv0dCYAyeCTnq?si=ad96da499109490a",""">","Ida","</a>","","","","","","","","","","","","","","","","","","",""
"<a href=""","https://open.spotify.com/playlist/6aIvMUe2j5VhKg3xwyBvwk?si=5115e391033b411a",""">","IDM, Sweet Melodic","</a>","","","","","","","","","","","","","","","","","","",""
"<a href=""","https://open.spotify.com/playlist/7sDbuu4ieGAH7UBsYHKP1m?si=b7a701f4c5c34016",""">","Italo, Classic","</a>","","","","","","","","","","","","","","","","","","",""
"<a href=""","https://open.spotify.com/playlist/0fKO5OJH3s9Q22I2jZugHj?si=38924623c3034e4e",""">","Jamaica, Laidback Reggae","</a>","","","","","","","","","","","","","","","","","","",""
"<a href=""","https://open.spotify.com/playlist/0k2zxQo8Edl0CETWtWc55A?si=a91c526b5674417c",""">","Jamaica, Lovers Rock","</a>","","","","","","","","","","","","","","","","","","",""
"<a href=""","https://open.spotify.com/playlist/7J6zWe0hmH2nLTJIkOp8my?si=d84cd6b856364b68",""">","Jamaica, Vintage Pop","</a>","","","","","","","","","","","","","","","","","","",""
"<a href=""","https://open.spotify.com/playlist/5EeajVJruvEUJVMZpN46CV?si=66e39e20aa034075",""">","Jazz, Cool","</a>","","","","","","","","","","","","","","","","","","",""
"<a href=""","https://open.spotify.com/playlist/2WnZsaSgobROLPhOchSJHd?si=4817669c8fad4d31",""">","Jazz, Funk","</a>","","","","","","","","","","","","","","","","","","",""
"<a href=""","https://open.spotify.com/playlist/4HghV31aYNXfJ4Trya75LO?si=d0cc10b2a5b74659",""">","Joel Vandroogenbroeck","</a>","","","","","","","","","","","","","","","","","","",""
"<a href=""","https://open.spotify.com/playlist/1ptQmt2hZgvdOxQEwcHyr6?si=398fbfd1fac34e93",""">","Juan Atkins","</a>","","","","","","","","","","","","","","","","","","",""
"<a href=""","https://open.spotify.com/playlist/0udTXhkUWAdtzrOiEJiz39?si=8d3ae602f72841f0",""">","Kaitlyn Aurelia Smith","</a>","","","","","","","","","","","","","","","","","","",""
"<a href=""","https://open.spotify.com/playlist/3sjgWUk3ERcgJ8MB6MQbKk?si=556d1aef744f4848",""">","Kosmische, Experimental","</a>","","","","","","","","","","","","","","","","","","",""
"<a href=""","https://open.spotify.com/playlist/6LIC0W2ofmB70zF6sdCFpN?si=758742e2bdc8425b",""">","Kosmische, Hard","</a>","","","","","","","","","","","","","","","","","","",""
"<a href=""","https://open.spotify.com/playlist/7E7C6yWwLIH94UD04IgxMp?si=9892202596054af4",""">","Kosmische, Soft","</a>","","","","","","","","","","","","","","","","","","",""
"<a href=""","https://open.spotify.com/playlist/0hAxNZJSIZm7HXuXHb27Oc?si=fd3e43a0adbe49e3",""">","Krautrock, Jams","</a>","","","","","","","","","","","","","","","","","","",""
"<a href=""","https://open.spotify.com/playlist/1gqMzx9sBjxqV7KZdklX6D?si=e12aefcb072e4687",""">","Latin, Classic","</a>","","","","","","","","","","","","","","","","","","",""
"<a href=""","https://open.spotify.com/playlist/4gWPyGP3YQ0pEwvjGrppui?si=6902f13d0d2d4802",""">","Latin, Melancholic Electronic","</a>","","","","","","","","","","","","","","","","","","",""
"<a href=""","https://open.spotify.com/playlist/0i1OLsMet1wIinprJ1RwpU?si=6019d7ade3c3498a",""">","Lounge, Chill","</a>","","","","","","","","","","","","","","","","","","",""
"<a href=""","https://open.spotify.com/playlist/5zevzkyYsElZjgXshRRk7X?si=b2d4db4739a746de",""">","Lounge, Kicking","</a>","","","","","","","","","","","","","","","","","","",""
"<a href=""","https://open.spotify.com/playlist/2fdrBObWM9Z3zwc0fvED1K?si=1d7e9b6098014ff6",""">","Low","</a>","","","","","","","","","","","","","","","","","","",""
"<a href=""","https://open.spotify.com/playlist/23rnPLrs43FaApw9iEKcKI?si=7394b630619c4de6",""">","Low, Experimental","</a>","","","","","","","","","","","","","","","","","","",""
"<a href=""","https://open.spotify.com/playlist/4CISczSdnqptCJwJMLmX44?si=942e1d699ce74cc6",""">","Low, Heartbreakers","</a>","","","","","","","","","","","","","","","","","","",""
"<a href=""","https://open.spotify.com/playlist/34VDXlkPoDtWY4HJiUSS0S?si=75d37318565444de",""">","Low, Starter Pack","</a>","","","","","","","","","","","","","","","","","","",""
"<a href=""","https://open.spotify.com/playlist/2QTLDWD5tkHyT8NoBL6vc1?si=7993825ad12e49d8",""">","Minimal, Dark, And Cold Wave","</a>","","","","","","","","","","","","","","","","","","",""
"<a href=""","https://open.spotify.com/playlist/3KyFoSqEO5wfH1caFk0wcQ?si=4e244ea291d34d5d",""">","Minimalism","</a>","","","","","","","","","","","","","","","","","","",""
"<a href=""","https://open.spotify.com/playlist/0i8MbevtK0NobhOG6Pl6M2?si=b16c38c71d464d10",""">","Motorik, Driving","</a>","","","","","","","","","","","","","","","","","","",""
"<a href=""","https://open.spotify.com/playlist/6e7ichVtHQy7lrCYZmL91D?si=f2ca10a4f69f4eca",""">","Motorik, Experimental","</a>","","","","","","","","","","","","","","","","","","",""
"<a href=""","https://open.spotify.com/playlist/69S7ZCU4vIxl79SkQsunNr?si=73e92efccd35494c",""">","Motorik, Heavy","</a>","","","","","","","","","","","","","","","","","","",""
"<a href=""","https://open.spotify.com/playlist/6kk2eEo7frhsy1M3JJYAtr?si=b9a67833c7534f33",""">","Motorik, Kosmische","</a>","","","","","","","","","","","","","","","","","","",""
"<a href=""","https://open.spotify.com/playlist/1Rw3Poaf3tKq3CpL9JDhj4?si=b54f1980862e467c",""">","Motorik, Pop","</a>","","","","","","","","","","","","","","","","","","",""
"<a href=""","https://open.spotify.com/playlist/1WimpreVw6J5FncbYTnEQL?si=ded3d799cbe34c7a",""">","New Age","</a>","","","","","","","","","","","","","","","","","","",""
"<a href=""","https://open.spotify.com/playlist/7cixJXs6wfbIB9Bq5mWUDU?si=7ec49ddbeb3741a4",""">","Pacific Island, Chill","</a>","","","","","","","","","","","","","","","","","","",""
"<a href=""","https://open.spotify.com/playlist/3vWeZg8Wc05IcM997IjZTR?si=e914c2a470e9457c",""">","Pedro The Lion","</a>","","","","","","","","","","","","","","","","","","",""
"<a href=""","https://open.spotify.com/playlist/0122aW4M9yQf5jURVCqKxg?si=8f0ed8473d074635",""">","Pete Namlook, Beatless","</a>","","","","","","","","","","","","","","","","","","",""
"<a href=""","https://open.spotify.com/playlist/0EBrHLUMkJ7KDT0mB3SHHp?si=746602b6f7fb4acf",""">","Pete Namlook, Beats","</a>","","","","","","","","","","","","","","","","","","",""
"<a href=""","https://open.spotify.com/playlist/7t6BWfX2yATUESHBjjT8GL?si=ef2d8d2122fc49a2",""">","Pete Namlook, Starter Pack","</a>","","","","","","","","","","","","","","","","","","",""
"<a href=""","https://open.spotify.com/playlist/4INhC3FsHQjrSkT32DQ3O1?si=912a2163229540b2",""">","Piano Magic","</a>","","","","","","","","","","","","","","","","","","",""
"<a href=""","https://open.spotify.com/playlist/1CW3BeW1dhuoeYQmpJxTlb?si=205e73c86143498e",""">","Piano Magic, Starter Pack","</a>","","","","","","","","","","","","","","","","","","",""
"<a href=""","https://open.spotify.com/playlist/5qskBZ5AtoFhxuSlHfzPu9?si=9dbac793d1a54ab3",""">","Piero Umiliani","</a>","","","","","","","","","","","","","","","","","","",""
"<a href=""","https://open.spotify.com/playlist/7IBdDhAQhkQf7yb4FD5uG7?si=18d17426f55a44a5",""">","Plaid","</a>","","","","","","","","","","","","","","","","","","",""
"<a href=""","https://open.spotify.com/playlist/7nMMHEndjoyS1pRUUUFdsb?si=03a02c4cd5ee4534&pt=1ee969f7b26c5a8f60d00f37bc9850b7",""">","Pop, Widescreen","</a>","","","","","","","","","","","","","","","","","","",""
"<a href=""","https://open.spotify.com/playlist/4JNaiwn6gILzPhBZuY6XVT?si=0cb85468e5214137",""">","Popol Vuh","</a>","","","","","","","","","","","","","","","","","","",""
"<a href=""","https://open.spotify.com/playlist/0Y3tf9n3ZoeCPjcaOVUCK4?si=c385b59008354af7",""">","Post-Hardcore","</a>","","","","","","","","","","","","","","","","","","",""
"<a href=""","https://open.spotify.com/playlist/0Ndfmhc9g1RZf3Vj3V0p2I?si=8e71bb565ab84f65",""">","Post-Rock, Abstract & Experimental","</a>","","","","","","","","","","","","","","","","","","",""
"<a href=""","https://open.spotify.com/playlist/1LWecnTljQAO3XzGF80mGX?si=895eca916b1d4657",""">","Post-Rock, Chiming Guitars","</a>","","","","","","","","","","","","","","","","","","",""
"<a href=""","https://open.spotify.com/playlist/1mZVsDWQWDp1TU5vxzmCUu?si=e8e8dfb5390f4bf1",""">","Post-Rock, Crescendo-Core","</a>","","","","","","","","","","","","","","","","","","",""
"<a href=""","https://open.spotify.com/playlist/39eDp2FU6Ycl6L71U4x1kP?si=1659f6928f2746a5",""">","Post-Rock, Floating","</a>","","","","","","","","","","","","","","","","","","",""
"<a href=""","https://open.spotify.com/playlist/103DjsnbAe66QM3TxarGOH?si=8cb30a1b89b64508",""">","Post-Rock, Hushed","</a>","","","","","","","","","","","","","","","","","","",""
"<a href=""","https://open.spotify.com/playlist/2EYWNrvf9YZ13CKnWmugMA?si=a5bc8f0097964d53",""">","Post-Rock, Menacing","</a>","","","","","","","","","","","","","","","","","","",""
"<a href=""","https://open.spotify.com/playlist/1LERLunLhB8ZQgF3ac2uld?si=caaff94b58d84d2f",""">","R&B, 00s Dance","</a>","","","","","","","","","","","","","","","","","","",""
"<a href=""","https://open.spotify.com/playlist/3V8pm5kg6Mtrn9ZG9BRjHC?si=cf9dcb51191a41e7",""">","R&B, 00s Smooth","</a>","","","","","","","","","","","","","","","","","","",""
"<a href=""","https://open.spotify.com/playlist/4eAWxVJ0lFbdnJtH1zwPj1?si=91ecae18285a4d4a",""">","R&B, 2020s Dance","</a>","","","","","","","","","","","","","","","","","","",""
"<a href=""","https://open.spotify.com/playlist/0nelOIguQDxjvlnjxsYUPk?si=9b2cd90d70284d42",""">","R&B, 80s Dance","</a>","","","","","","","","","","","","","","","","","","",""
"<a href=""","https://open.spotify.com/playlist/1jR541cL9M86SENJLo8C5Z?si=cea82bd951fd4dd6",""">","R&B, 80s Smooth","</a>","","","","","","","","","","","","","","","","","","",""
"<a href=""","https://open.spotify.com/playlist/7kBpPxfVfDjabvWJTERN9m?si=6f4ac718985a451b",""">","R&B, 90s","</a>","","","","","","","","","","","","","","","","","","",""
"<a href=""","https://open.spotify.com/playlist/7iqiTMs0ioTzq8JborXxww?si=1183e1205e77460d",""">","R&B, 90s Smooth","</a>","","","","","","","","","","","","","","","","","","",""
"<a href=""","https://open.spotify.com/playlist/2HrMsMr8MwvDzVksVLecU0?si=b11140e3ed614579",""">","R&B, Baby Makers","</a>","","","","","","","","","","","","","","","","","","",""
"<a href=""","https://open.spotify.com/playlist/2IPPTvXMybu0a7Kxpucyt6?si=dc6f9e9cf9984384",""">","R&B, Contemporary Melancholy","</a>","","","","","","","","","","","","","","","","","","",""
"<a href=""","https://open.spotify.com/playlist/4sU6xgGgzq1rvTwIr9pn2g?si=5c284772bcbf4a04",""">","R&B, Disco/Funk","</a>","","","","","","","","","","","","","","","","","","",""
"<a href=""","https://open.spotify.com/playlist/2TuogtPJDz41rGTuU65h7t?si=8712bde6ca9c4fae",""">","R&B, Early 90s Dance","</a>","","","","","","","","","","","","","","","","","","",""
"<a href=""","https://open.spotify.com/playlist/0HRVcXDzzd94E4QHti4PsF?si=a24ef33527384e34",""">","R&B, Insecure","</a>","","","","","","","","","","","","","","","","","","",""
"<a href=""","https://open.spotify.com/playlist/5NIKQD4Prb46y8q6abIZbr?si=2eb0b1ca70414a51",""">","R&B, Late 90s Dance","</a>","","","","","","","","","","","","","","","","","","",""
"<a href=""","https://open.spotify.com/playlist/55CZUkRj0yN2EjdgEcV6MK?si=aaca84832d4145bc",""">","R&B, Neo-Soul","</a>","","","","","","","","","","","","","","","","","","",""
"<a href=""","https://open.spotify.com/playlist/7uPA4n8Iczp12iCCaOSQEc?si=7fb7ef0e9ec1432e",""">","R&B, New Jack Swing","</a>","","","","","","","","","","","","","","","","","","",""
"<a href=""","https://open.spotify.com/playlist/6IVx23etgXXegE3RsxSGCG?si=207edc1db733489f",""">","R&B, Vintage Dreamy","</a>","","","","","","","","","","","","","","","","","","",""
"<a href=""","https://open.spotify.com/playlist/5G5wz4LA2FTM6bFWlC5RYl?si=907762cf91d34000",""">","Rock, 60s Beat","</a>","","","","","","","","","","","","","","","","","","",""
"<a href=""","https://open.spotify.com/playlist/7jboEdkfT4WVRFsfkEB0PT?si=7dc1b3ea02224d15",""">","Rock, Classic Rock Radio","</a>","","","","","","","","","","","","","","","","","","",""
"<a href=""","https://open.spotify.com/playlist/31058wKDUlYfoDC2CaQbJO?si=d828ba893ce84dbd",""">","Rock, Early","</a>","","","","","","","","","","","","","","","","","","",""
"<a href=""","https://open.spotify.com/playlist/6QlB6lCFuciiXnqtFVCrSG?si=e021937431984737",""">","Roedelius","</a>","","","","","","","","","","","","","","","","","","",""
"<a href=""","https://open.spotify.com/playlist/4CuRoDiG1XkYAfyVbYudn2?si=09863e9457de428c",""">","Sad Sierréño","</a>","","","","","","","","","","","","","","","","","","",""
"<a href=""","https://open.spotify.com/playlist/3pODeVmPFBJWIEHdqe2JOw?si=13f77eefa9474a07",""">","Sad Songs","</a>","","","","","","","","","","","","","","","","","","",""
"<a href=""","https://open.spotify.com/playlist/1d1uxdit0qouRB8HSSZkYK?si=1c437ca824bf401d",""">","Sad Songs, Vintage","</a>","","","","","","","","","","","","","","","","","","",""
"<a href=""","https://open.spotify.com/playlist/7M2YkCrreZcCo1y2dAezji?si=3e9b2cee0aa04464",""">","Sadcore","</a>","","","","","","","","","","","","","","","","","","",""
"<a href=""","https://open.spotify.com/playlist/6blmqbvsh35nfQsnaShov1?si=32ac8c99c2d5481e",""">","Schaffel Brutal","</a>","","","","","","","","","","","","","","","","","","",""
"<a href=""","https://open.spotify.com/playlist/3SQMC9fmX7TDhisrrUPJYv?si=ce4d0ba5dd804b9d",""">","Schaffel Dance","</a>","","","","","","","","","","","","","","","","","","",""
"<a href=""","https://open.spotify.com/playlist/79BmpH4MjeMOXURUAKtkqP?si=408c2625fb624533",""">","Schaffel Pop","</a>","","","","","","","","","","","","","","","","","","",""
"<a href=""","https://open.spotify.com/playlist/68lX5odNBw4ZUIf6lwuD0K?si=9f8472aacfcb4997",""">","Sigur Ros","</a>","","","","","","","","","","","","","","","","","","",""
"<a href=""","https://open.spotify.com/playlist/3J41W0OJt9rZ7aXp0YxgVq?si=572efb9ca8884898",""">","Ska, 1st Wave","</a>","","","","","","","","","","","","","","","","","","",""
"<a href=""","https://open.spotify.com/playlist/5Xlen6tPKCFsZmLdIur3oc?si=cee4d46665614bad",""">","Ska, 2nd Wave","</a>","","","","","","","","","","","","","","","","","","",""
"<a href=""","https://open.spotify.com/playlist/5NGjyh1cP001mb0Vj7eI2i?si=a65ed6873d114b5c",""">","Ska, Punk","</a>","","","","","","","","","","","","","","","","","","",""
"<a href=""","https://open.spotify.com/playlist/01WFsmlAOEFrhvWv2wmlMQ?si=530925d4807a4043",""">","Ska, Revival","</a>","","","","","","","","","","","","","","","","","","",""
"<a href=""","https://open.spotify.com/playlist/2BImwtu5N4w8ISUyEz02KY?si=4e534d6f4b2c4e38",""">","Slowcore","</a>","","","","","","","","","","","","","","","","","","",""
"<a href=""","https://open.spotify.com/playlist/5wsUdlQfWxJgY0fs4EQlCp?si=0d8d6a84a20745a1",""">","Solo Guitar","</a>","","","","","","","","","","","","","","","","","","",""
"<a href=""","https://open.spotify.com/playlist/0prgQ5apMfwDfibjmBSOQC?si=b61924bfb67a495d",""">","Soukous, Chill","</a>","","","","","","","","","","","","","","","","","","",""
"<a href=""","https://open.spotify.com/playlist/6adaBoksgJLDOLG3EAXyFS?si=35ebc29bdf71420c",""">","Soukous, Dance","</a>","","","","","","","","","","","","","","","","","","",""
"<a href=""","https://open.spotify.com/playlist/6MTgMAQnjy5Mndnnkp7IqF?si=9e628c71832e4430",""">","Stereolab","</a>","","","","","","","","","","","","","","","","","","",""
"<a href=""","https://open.spotify.com/playlist/4mCw3o2IsXlrOSNBPcmeAP?si=f2ca7e0190ac4db9",""">","Stereolab, Chill","</a>","","","","","","","","","","","","","","","","","","",""
"<a href=""","https://open.spotify.com/playlist/72OdLCCGcitJIa73G4mNzm?si=d39d146ec6254511",""">","Stereolab, Rocking","</a>","","","","","","","","","","","","","","","","","","",""
"<a href=""","https://open.spotify.com/playlist/78ztWdz2a8IHzeE07OlhNG?si=1bb5bec2f44b430c",""">","Stereolab, Starter Pack","</a>","","","","","","","","","","","","","","","","","","",""
"<a href=""","https://open.spotify.com/playlist/5r8IaxNi8opFwLoyCesOyo?si=034fc665b1304856",""">","Stereolab, Trance","</a>","","","","","","","","","","","","","","","","","","",""
"<a href=""","https://open.spotify.com/playlist/7KHbhmrCNBAfNV3RjtI2Z1?si=09dc913a12c34d7b",""">","STL","</a>","","","","","","","","","","","","","","","","","","",""
"<a href=""","https://open.spotify.com/playlist/3MeQb9w6DyBDUPsCSFm0AV?si=5b3675c17df24e0a",""">","Summer Patio Songs","</a>","","","","","","","","","","","","","","","","","","",""
"<a href=""","https://open.spotify.com/playlist/2f2vaWoVuRwFRe8TWyZMNf?si=f63a99587fcc4988",""">","Sunday Morning Songs","</a>","","","","","","","","","","","","","","","","","","",""
"<a href=""","https://open.spotify.com/playlist/1EYi0qpdz5Bjg4VKU72pgw?si=5d5bb1557cb44b5e",""">","Synth, Cinematic Soundtracks","</a>","","","","","","","","","","","","","","","","","","",""
"<a href=""","https://open.spotify.com/playlist/23kwbD9v5OwL5NttI5Wi7L?si=cdca369c65da47c6",""">","Synth, Ecstatic Minimalist Experiments","</a>","","","","","","","","","","","","","","","","","","",""
"<a href=""","https://open.spotify.com/playlist/3fqFDtNtJD6c944JqR3BJk?si=9ed5e5a8b0e74abe",""">","Synth, Foggy German Forest","</a>","","","","","","","","","","","","","","","","","","",""
"<a href=""","https://open.spotify.com/playlist/6PX1l0rEh8qic58XWicjCW?si=b397449dca0a4db0",""">","Synth, Modular Experiments","</a>","","","","","","","","","","","","","","","","","","",""
"<a href=""","https://open.spotify.com/playlist/52u7Symo7F5rSXMiZYZQM0?si=340fb34b5ed94b2e",""">","Synth, Modular Heartstrings","</a>","","","","","","","","","","","","","","","","","","",""
"<a href=""","https://open.spotify.com/playlist/01xadoQPTcurDz1D0N0gaS?si=75499ac69fd3418d",""">","Synth, Mysterious And Meandering","</a>","","","","","","","","","","","","","","","","","","",""
"<a href=""","https://open.spotify.com/playlist/14gNQFofbgehKbjuGRDjYF?si=9c467cdca158499d",""">","Synth, Pop 80s","</a>","","","","","","","","","","","","","","","","","","",""
"<a href=""","https://open.spotify.com/playlist/51CCISbMvqoCtPGBtzBu4z?si=b2c89011b22e4d93",""">","Synth, Pop Dystopia","</a>","","","","","","","","","","","","","","","","","","",""
"<a href=""","https://open.spotify.com/playlist/5FWVC2i6UmcRnNIpglIPza?si=69568a6a55a84930",""">","Synth, Pop Melancholy","</a>","","","","","","","","","","","","","","","","","","",""
"<a href=""","https://open.spotify.com/playlist/35T8R9tnyLaWoUxsvbFUso?si=7988af22bf4d4c50",""">","Synth, Pop Oddballs","</a>","","","","","","","","","","","","","","","","","","",""
"<a href=""","https://open.spotify.com/playlist/4udXDYPVQkrNtO3kFnNTf8?si=a0b67f15263a4080",""">","Tangerine Dream","</a>","","","","","","","","","","","","","","","","","","",""
"<a href=""","https://open.spotify.com/playlist/50XdE7dVALQlWqWUsP9DFB?si=ade74c77f1434451",""">","Tangerine Dream, Starter Pack","</a>","","","","","","","","","","","","","","","","","","",""
"<a href=""","https://open.spotify.com/playlist/6hbscYG3B064ISp7YG7xQN?si=31ea6cbcf9ea4f9a",""">","Techno, Ambient","</a>","","","","","","","","","","","","","","","","","","",""
"<a href=""","https://open.spotify.com/playlist/4o0c8W5Id10GtkYk3oy3kT?si=44c0a7b159ae40e2",""">","Techno, Banging","</a>","","","","","","","","","","","","","","","","","","",""
"<a href=""","https://open.spotify.com/playlist/5KbaR8a7zeviUEcXaRhdeY?si=6c3870cc8b0d400b",""">","Techno, Classic","</a>","","","","","","","","","","","","","","","","","","",""
"<a href=""","https://open.spotify.com/playlist/7KWwgSvlc6BD9wNJu42jBJ?si=8a9e175b94a94cf7",""">","Techno, Underwater","</a>","","","","","","","","","","","","","","","","","","",""
"<a href=""","https://open.spotify.com/playlist/6QGMgg9EajTWLqnU4oudMB?si=e89902f84e864cdb",""">","Techno, Warehouse","</a>","","","","","","","","","","","","","","","","","","",""
"<a href=""","https://open.spotify.com/playlist/18LxXda7N8s9t6zd3BUL8q?si=9d23f6ee26b64408",""">","Trance, Ambient","</a>","","","","","","","","","","","","","","","","","","",""
"<a href=""","https://open.spotify.com/playlist/53OY7nCXvUT4FTsufqPMm4?si=341871ad8cba4478",""">","Trance, Experimental","</a>","","","","","","","","","","","","","","","","","","",""
"<a href=""","https://open.spotify.com/playlist/3C3HHuZvOnCfhajCGvRL8F?si=900937f0643740e4",""">","Turkey, Psych Funk","</a>","","","","","","","","","","","","","","","","","","",""
"<a href=""","https://open.spotify.com/playlist/6AerysrLyESVjtAPpok7NY?si=bfb8c8f61cd34386",""">","Vintage, Dreamy Melancholy","</a>","","","","","","","","","","","","","","","","","","",""
"<a href=""","https://open.spotify.com/playlist/3X8frQ1tWM5SSmGhns0pYb?si=301b9c06a88e4b9d",""">","Vocal Groups, Sad","</a>","","","","","","","","","","","","","","","","","","",""
"<a href=""","https://open.spotify.com/playlist/0jmp8wWpPIkGWg5nm4LNwe?si=776d5b0f3b304df4",""">","Yet They Say, Vol. 1","</a>","","","","","","","","","","","","","","","","","","",""
"<a href=""","https://open.spotify.com/playlist/0M6rPpreVz86WKq0Ag6kFO?si=c994b50e64d34082",""">","Yet They Say, Vol. 10","</a>","","","","","","","","","","","","","","","","","","",""
"<a href=""","https://open.spotify.com/playlist/21MO7VSPe24bjCOtdt2wrg?si=e77327343d2748aa",""">","Yet They Say, Vol. 2","</a>","","","","","","","","","","","","","","","","","","",""
"<a href=""","https://open.spotify.com/playlist/3DDwCdkwUPEcDQbdwGmjVW?si=8da32d2a518b4dec",""">","Yet They Say, Vol. 3","</a>","","","","","","","","","","","","","","","","","","",""
"<a href=""","https://open.spotify.com/playlist/6sdKnK1EXsLMGGwikpV84x?si=4d93fd03b44e4e42",""">","Yet They Say, Vol. 4","</a>","","","","","","","","","","","","","","","","","","",""
"<a href=""","https://open.spotify.com/playlist/6phFkBNKX9DPKjczwMr0lx?si=9423038ca5864da7",""">","Yet They Say, Vol. 5","</a>","","","","","","","","","","","","","","","","","","",""
"<a href=""","https://open.spotify.com/playlist/0ZnY8eOB1DHCLdg2QG5Rjh?si=547ff4a13dfd47d7",""">","Yet They Say, Vol. 6","</a>","","","","","","","","","","","","","","","","","","",""
"<a href=""","https://open.spotify.com/playlist/1dIQnuEk89elNqWJ2TwCP3?si=9ff75c47c3e0441d",""">","Yet They Say, Vol. 7","</a>","","","","","","","","","","","","","","","","","","",""
"<a href=""","https://open.spotify.com/playlist/751iikDbmoyjUBeWFSfWaN?si=f0065c076e344b94",""">","Yet They Say, Vol. 8","</a>","","","","","","","","","","","","","","","","","","",""
"<a href=""","https://open.spotify.com/playlist/2rsEmyzKoYTgXerSjeB0IK?si=39a92c9f01724364",""">","Yet They Say, Vol. 9","</a>","","","","","","","","","","","","","","","","","","",""
"<a href=""","https://open.spotify.com/playlist/6Naq3yvuVoBL27KgY2Svf6?si=8e215a805103478f",""">","Azonto / Hiplife","</a>","b","NOT SUBSTACKED","","","","","","","","","","","","","","","","",""
"<a href=""","https://open.spotify.com/playlist/0s9M3fBKWFJmVhAiieCjkt?si=c418d91032b64922&pt=8a6bea86e36db2793d5730948ce5f4f4",""">","Príncipe, Chill","</a>","b","NOT SUBSTACKED","","","","","","","","","","","","","","","","",""
"<a href=""","https://open.spotify.com/playlist/4QjHU0dwRyFv8aP31CXmRx?si=819239dd2c364018",""">","Highlife, Vintage Peppy","</a>","b","NOT SUBSTACKED","","","","","","","","","","","","","","","","",""
"<a href=""","https://open.spotify.com/playlist/4q0CkBcLH3ceq6OB0PfUU8?si=b95da17d3cb14e5b",""">","Rumba, Vintage","</a>","b","NOT SUBSTACKED","","","","","","","","","","","","","","","","",""
"<a href=""","https://open.spotify.com/playlist/3BXK08wohNho0wCHBiiv9I?si=70adcaa325de48f6",""">","Tigrinya, Vintage","</a>","b","NOT SUBSTACKED","","","","","","","","","","","","","","","","",""
"<a href=""","https://open.spotify.com/playlist/7do7DrHqlGF9Ft7NbtwGGL?si=4cff757b64cc4adc",""">","Tigrinya","</a>","b","NOT SUBSTACKED","","","","","","","","","","","","","","","","",""
"<a href=""","https://open.spotify.com/playlist/3G3NcjYPEyVjepUGzPUyxI?si=32238ccd471347cc",""">","Sega","</a>","b","NOT SUBSTACKED","","","","","","","","","","","","","","","","",""
"<a href=""","https://open.spotify.com/playlist/0mEs3YsF8hKDwj0HPznfT9?si=25871563f763475a",""">","Xitsonga / Tsonga, Downtempo","</a>","b","NOT SUBSTACKED","","","","","","","","","","","","","","","","",""
"<a href=""","https://open.spotify.com/playlist/4ARXoTlqKTuAQhg2k8HeJX?si=c7d2ede855174a3a",""">","Sega, Psych","</a>","b","NOT SUBSTACKED","","","","","","","","","","","","","","","","",""
"<a href=""","https://open.spotify.com/playlist/36iFMNygMeRRlL5SgWtmER?si=1154975bf78e4e8e",""">","Mbalax, Mark Ernestus","</a>","b","NOT SUBSTACKED","","","","","","","","","","","","","","","","",""
"<a href=""","https://open.spotify.com/playlist/4rhVBRU9Qup1O5IYEKiIrs?si=1eb78b42405846cb",""">","Dr. Thomas Chauke","</a>","b","NOT SUBSTACKED","","","","","","","","","","","","","","","","",""
"<a href=""","https://open.spotify.com/playlist/4xIaYhRmf8rV4W7Kzy0Ssn?si=d3916170fda74e7c",""">","Worldwide, Chiming Guitar","</a>","b","NOT SUBSTACKED","","","","","","","","","","","","","","","","",""
"<a href=""","https://open.spotify.com/playlist/01gAq5hKTsncsfQMc5XGTR?si=593c4de5d58748fc",""">","Worldwide, Smooth Mid-Tempo R&B","</a>","b","NOT SUBSTACKED","","","","","","","","","","","","","","","","",""
"<a href=""","https://open.spotify.com/playlist/7fo8PWonDWZFvhR7ThcC9c?si=45431d1f91f14bed",""">","Africa, Smooth Bangers","</a>","b","NOT SUBSTACKED","","","","","","","","","","","","","","","","",""
"<a href=""","https://open.spotify.com/playlist/5ZUk2gZ2DEbrAzuIdnbs6R?si=2e411e0ec8a64a9a",""">","Africa, Acoustic Bangers","</a>","b","NOT SUBSTACKED","","","","","","","","","","","","","","","","",""
"<a href=""","https://open.spotify.com/playlist/1DnMnLRsztUXlnzqC2KhPB?si=2132d571868e4ebe",""">","Africa, Hype Bangers","</a>","b","NOT SUBSTACKED","","","","","","","","","","","","","","","","",""
"<a href=""","https://open.spotify.com/playlist/24BPg0ssxlfyIcZgEKdpGv?si=57584cb1e8e04481",""">","Igbo, Trips","</a>","b","NOT SUBSTACKED","","","","","","","","","","","","","","","","",""
"<a href=""","https://open.spotify.com/playlist/5zCl1AYh66oiLKfBM5yz3q?si=d3f93caca836496b",""">","Worldwide, Chanting And Drumming","</a>","b","NOT SUBSTACKED","","","","","","","","","","","","","","","","",""
"<a href=""","https://open.spotify.com/playlist/3qxhw7DmQrTXEQ3O58hWGd?si=68d0fe942c494b07",""">","Africa, Vintage","</a>","b","NOT SUBSTACKED","","","","","","","","","","","","","","","","",""
"<a href=""","https://open.spotify.com/playlist/72zKIZG8bXjGHpQJW2DfUW?si=0e6a52dfe0454215",""">","Afrobeats, Groovers","</a>","b","NOT SUBSTACKED","","","","","","","","","","","","","","","","",""
"<a href=""","https://open.spotify.com/playlist/5HpHVYYyaDgBnGlaPmLbyB?si=6bd9cf68bcf04e54",""">","Rock, Soft","</a>","","","","","","","","","","","","","","","","","","",""
"<a href=""","https://open.spotify.com/playlist/3FWefoSEYkM6sDCwo0fAxc?si=cce510fecaca48b6&pt=2623df732f4f6331550c5717ea100b2c",""">","Rock, Smooth","</a>","","","","","","","","","","","","","","","","","","",""